{
    "precision": 0.5789473684210527,
    "recall": 0.6936936936936937,
    "f1": 0.6311475409836066
}